Angry,62.297672508690084,59.07622195096772,50.80354318352215,63.150613615387776,121.63058825805291
Angry,46.010868281309364,35.0,35.35533905932738,29.427877939124322,74.14849964766651
Angry,81.30190649671138,90.9065454189081,87.23531395025755,103.24727599312246,107.78682665335315
Angry,45.044422518220834,36.124783736376884,51.264022471905186,33.1058907144937,39.35733730830886
Angry,92.57429448826494,118.84864324004712,133.80956617521784,87.31551981177229,81.60882305241266
Angry,64.1248781675256,111.01801655587259,117.38824472663352,92.41753080449618,130.0
Angry,63.245553203367585,40.36087214122113,54.817880294662984,66.57326790837296,79.61155694998057
Angry,72.83543093852057,82.87339742040264,95.524865872714,74.02702209328699,75.8023746329889
Angry,56.32051136131489,38.41874542459709,31.064449134018133,69.46221994724903,123.0690862889621
Angry,53.0,52.46903848937962,48.373546489791295,71.06335201775948,103.74005976477939
Angry,56.0,47.4236228055175,37.33630940518894,63.50590523722971,136.95254652615992
Angry,42.720018726587654,31.400636936215164,30.23243291566195,34.713109915419565,75.45197147855052
Angry,92.34717104492157,60.74537019394976,79.05694150420949,88.56635930193812,91.96738552334735
Angry,57.77542730261716,46.52956049652737,52.03844732503075,64.28841264178172,91.3892772703669
Angry,68.73136110975832,44.10215414239989,33.24154027718932,68.11754546370561,129.20139318134306
Angry,70.61161377563892,97.082439194738,93.68030742904295,75.13321502504735,109.87720418721983
Angry,66.007575322837,38.2099463490856,42.720018726587654,69.58448102845921,113.17243480636087
Angry,148.22280526288793,150.7348665704123,165.14841809717706,159.5900999435742,140.42791745233566
Angry,43.01162633521314,15.0,27.294688127912362,33.61547262794322,78.89233169326408
Angry,53.75872022286245,63.655321851358195,62.26556030423239,68.70953354520753,85.15867542417507
Angry,50.96076922496363,40.496913462633174,36.61966684720111,50.99019513592785,97.0
Angry,48.041648597857254,27.80287754891569,31.78049716414141,52.23983154643591,60.74537019394976
Angry,37.0,26.019223662515376,19.1049731745428,42.485291572496,66.73080248281148
Angry,64.03124237432849,43.657759905886145,53.71219600798314,57.87054518492115,60.8276253029822
Angry,53.14132102234569,78.7210264160726,85.70297544426332,62.609903369994115,70.66116330771806
Angry,50.99019513592785,46.22769732530488,38.01315561749642,62.51399843235114,123.40583454602137
Angry,106.56922632730333,70.83078426785913,95.01578816175763,99.29753269845128,135.28118864054971
Angry,32.38826948140329,58.25804665451803,48.84669896727925,59.43904440685432,125.03199590504823
Angry,86.14522621712709,88.68483523128404,89.88882021697692,98.73196037757987,110.80162453682708
Angry,65.96969000988257,52.49761899362675,48.16637831516918,74.21590126111789,128.14054783713078
Angry,99.14131328563285,122.31925441237777,121.46192819151193,122.78436382536663,151.71354586852158
Angry,80.02499609497022,88.54942122905152,95.2102935611481,93.05912099305473,122.61321299109652
Angry,61.07372593840988,43.9089968002003,42.485291572496,64.07027391856539,97.67292357659824
Angry,109.29318368498559,120.8056290079233,129.98846102635417,108.34205093129813,115.36463929644994
Angry,59.21148537234985,35.17101079013795,43.965895873961216,55.08175741568164,64.40496875241847
Angry,62.5859409132754,38.897300677553446,42.44997055358225,62.6418390534633,104.66135867644753
Angry,61.5223536610881,49.09175083453431,41.23105625617661,78.5175139698144,126.82665335015349
Angry,66.007575322837,36.124783736376884,39.698866482558415,67.1863081289633,121.01652779682617
Angry,38.63935817272331,51.62363799656123,42.15447781671598,58.69412236331676,134.80726983364065
Angry,78.79086241436883,79.93122043357026,82.61961026293939,89.47066558375433,103.31505214633539
Angry,70.06425622241343,38.07886552931954,30.886890422961002,74.06078584514209,117.29023829799307
Angry,69.46221994724903,41.86884283091664,50.93132631298737,68.41052550594829,98.48857801796105
Angry,87.96590248499699,44.40720662234904,54.48853090330111,86.40023148117139,117.04699910719626
Angry,51.03920062069938,43.86342439892262,34.88552708502482,65.00769185258002,113.45483682946268
Angry,72.3671196055225,48.83646178829912,50.21951811795888,77.3692445355388,132.31024147812596
Angry,70.60453243241541,75.59100475585703,63.52952069707436,73.43704787094863,117.61377470347595
Angry,74.52516353554684,82.63776376451628,80.05623023850174,76.11832893594026,114.0175425099138
Angry,60.67124524847005,63.56099432828282,60.41522986797286,61.29437168288782,106.83164325236227
Angry,53.150729063673246,25.0,19.924858845171276,58.077534382926416,120.50726119201282
Angry,53.23532661682466,73.40980860893181,69.3757882838098,65.19202405202648,121.69634341261039
Angry,70.60453243241541,89.8443097808648,85.44003745317531,71.58910531638176,90.80198235721508
Angry,65.52098900352466,30.0,41.86884283091664,53.31041174104736,78.40918313565064
Angry,60.01666435249463,45.254833995939045,41.86884283091664,64.93843238021688,119.85407794480753
Angry,50.44799302251776,47.4236228055175,39.11521443121589,59.07622195096772,105.94810050208545
Angry,79.30952023559341,36.40054944640259,33.12099032335839,79.00632886041473,147.63468427168462
Angry,93.13431161500041,93.47726996441435,88.86506625215557,107.16809226630845,113.4063490286148
Angry,96.46242791885346,125.54282137979854,121.63058825805291,89.98888820293314,133.79461872586654
Angry,61.39218191268331,52.354560450833695,52.773099207835045,62.5859409132754,94.79451460923254
Angry,67.60177512462228,43.86342439892262,38.2099463490856,73.33484846919642,134.5362404707371
Angry,66.09841147864296,82.15229759416349,89.05054744357274,96.04165762834376,122.77621919573839
Angry,61.00819617067857,43.41658669218482,46.09772228646444,63.071388124885914,84.1486779456457
Angry,55.78530272392541,82.96987405076617,86.12200647918046,59.77457653551382,82.87943049997388
Angry,94.2019108086455,27.459060435491963,38.01315561749642,76.79192665899195,91.0659101969557
Angry,52.61178575186362,32.2490309931942,30.805843601498726,50.24937810560445,73.40980860893181
Angry,68.73136110975832,53.0,54.08326913195984,66.75327707311455,91.80958555619343
Angry,81.15417426109393,60.83584469702052,85.23496934944014,80.4114419718985,84.86459803710851
Angry,79.37883848986453,57.38466694161429,60.876925020897694,78.54934754662193,109.17875251164945
Angry,68.73136110975832,53.0,54.08326913195984,66.75327707311455,91.80958555619343
Angry,65.12296062065974,38.948684188300895,44.654227123532216,67.08203932499369,96.89685237405806
Angry,69.06518659932803,79.90619500389191,77.20103626247513,81.54140052758476,126.60568707605516
Angry,58.309518948453004,88.10221336606703,86.64871608973787,69.6419413859206,100.12492197250393
Angry,89.45389874119518,85.0,105.1094667477673,96.46242791885346,88.50988645343524
Angry,64.93843238021688,62.93647591023825,59.61543424315552,60.29925372672534,99.98499887483122
Angry,91.35097153287424,45.803929962395145,71.28113354878694,83.57032966310472,79.25906888173743
Angry,81.09870529176159,37.53664875824692,39.59797974644666,78.10249675906654,121.16517651536682
Angry,40.44749683231337,24.20743687382041,24.758836806279895,41.773197148410844,73.66138744281159
Angry,64.19501538281614,83.40863264674707,74.09453421137081,93.637599285757,138.13037319865606
Angry,43.56604182158393,25.80697580112788,16.64331697709324,50.00999900019995,74.63243262818116
Angry,75.05997601918082,59.20304046246274,69.05070600652827,79.40403012442127,86.05230967266364
Angry,47.53945729601885,38.01315561749642,32.802438933713454,56.04462507680822,106.15083607772479
Angry,52.172789842982326,30.479501308256342,25.495097567963924,51.03920062069938,126.77933585565118
Angry,22.67156809750927,64.41273166075166,41.048751503547585,54.42425929675111,146.93195704134618
Angry,52.15361924162119,27.65863337187866,27.586228448267445,53.23532661682466,86.27861844049197
Angry,56.08029957123981,35.510561809129406,38.91015291668744,58.54912467321779,92.91393867445294
Angry,41.0,61.84658438426491,49.24428900898052,65.12296062065974,110.42191811411355
Angry,97.01546268507923,80.77747210701756,84.59905436823747,80.52328855678958,91.21403400793103
Angry,65.76473218982953,63.56099432828282,50.15974481593781,71.02816342831905,115.26057435220423
Angry,22.67156809750927,64.41273166075166,41.048751503547585,54.42425929675111,146.93195704134618
Angry,87.36704184073076,89.96110270555825,79.84985911070852,94.0,126.58988901172162
Angry,71.30918594402827,57.3149195236284,46.69047011971501,77.78174593052023,118.20744477400736
Angry,76.92203845452875,53.08483775994799,58.18934610390462,83.60023923410746,113.5649593844862
Angry,101.0,87.64131445842195,94.64142856064674,100.24470060806208,83.43860018001261
Angry,69.1158447825099,40.496913462633174,49.09175083453431,56.43580423808985,86.83317338436964
Angry,64.03124237432849,43.657759905886145,53.71219600798314,57.87054518492115,60.8276253029822
Angry,53.14132102234569,78.7210264160726,85.70297544426332,62.609903369994115,70.66116330771806
Angry,83.18653737234169,58.7962583843564,44.82186966202994,93.13431161500041,156.54072952429985
Angry,57.706152185014034,73.92563831310488,75.96051605933177,66.49060083951716,97.30878685915265
Angry,67.1863081289633,48.82622246293481,50.11985634456667,71.56814934033156,100.41912168506553
Angry,62.00806399170998,52.40229002629561,48.02082881417188,72.06247289678588,112.8007092176286
Angry,57.97413216254298,44.654227123532216,20.8806130178211,73.10950690573696,157.49285698088025
Angry,42.37924020083418,64.5600495662759,55.0,61.68468205316454,105.60303025955268
Angry,78.10249675906654,59.90826320300064,73.824115301167,82.71033792700887,110.39021695784459
Angry,73.7563556583431,64.89992295835181,68.8839603971781,79.40403012442127,111.5212984142491
Angry,32.2490309931942,38.41874542459709,30.528675044947494,46.389654018972806,105.3612832116238
Angry,88.64536084872124,64.35060217278468,54.48853090330111,95.63472172804185,121.59358535712317
Angry,63.63961030678928,56.859475903318,68.54195795277518,62.297672508690084,86.45229898620394
Angry,97.01546268507923,80.77747210701756,84.59905436823747,80.52328855678958,91.21403400793103
Angry,74.73285756613352,64.62197768561404,56.824290580701486,70.25667228100119,124.01612798341996
Angry,71.11258679024411,44.01136216933077,48.54894437575342,61.1310068623117,101.51354589413178
Angry,75.4254598925323,53.71219600798314,57.14017850864661,70.57619995437555,89.19641248391103
Angry,92.89241088485109,60.802960454241045,81.05553651663777,83.6301381082203,108.2081327812286
Angry,81.30190649671138,90.9065454189081,87.23531395025755,103.24727599312246,107.78682665335315
Angry,52.354560450833695,58.7962583843564,42.01190307520001,60.63827174318213,149.9333185119305
Angry,70.60453243241541,75.59100475585703,63.52952069707436,73.43704787094863,117.61377470347595
Angry,41.23105625617661,50.99019513592785,27.80287754891569,55.0,119.00420160649792
Angry,56.142675390472796,66.21933252457322,60.53924347066124,74.43117626371358,119.20151005754919
Angry,53.03772242470448,63.56099432828282,61.61168720299745,65.0,112.80514172678478
Angry,70.178344238091,56.859475903318,47.92702786528704,74.06078584514209,141.19844191774922
Angry,76.00657866263946,69.28924880528002,84.20213774008353,78.44743462982075,75.8023746329889
Angry,72.24956747275377,52.392747589718944,45.221676218380054,67.1863081289633,91.67878707749138
Angry,45.17742799230607,34.52535300326414,33.95585369269929,43.289721643826724,66.18912297349165
Angry,65.49045732013177,49.678969393496885,57.245087125446844,74.04052944165107,107.91200118615167
Angry,66.76076692189807,79.60527620704548,83.38465086573187,72.44998274671983,103.07764064044152
Angry,71.06335201775948,79.84985911070852,73.08214556237385,80.00624975587844,119.75391434103521
Angry,81.93289937503738,104.78549517943789,88.60022573334675,89.26925562588724,129.46814279968643
Angry,58.034472514187634,71.7007670809734,80.09993757800315,44.553338819890925,63.12685640834652
Angry,65.30696746902278,57.48912940721924,44.04543109109048,71.56814934033156,130.43005788544295
Angry,57.55866572463264,43.08131845707603,43.04648650006177,51.24451190127583,81.27115109311545
Angry,105.01904589168576,89.47066558375433,103.12128781197411,113.77170122662314,120.61509026651682
Angry,64.03124237432849,43.657759905886145,53.71219600798314,57.87054518492115,60.8276253029822
Angry,74.10802925459562,46.0,62.93647591023825,55.90169943749474,81.39410298049853
Angry,71.00704190430693,64.47480127925948,60.207972893961475,85.00588214941364,96.93812459502195
Angry,75.66372975210778,47.4236228055175,47.38143096192854,74.54528824815154,107.54068997360952
Angry,76.6550715869472,85.23496934944014,97.71898484941399,81.60882305241266,99.24716620639605
Angry,82.87339742040264,80.06247560499239,82.29823813423954,82.20097323024831,91.58602513484249
Angry,48.093658625644196,21.470910553583888,20.615528128088304,51.0,87.92041856133307
Angry,53.45091205957107,62.00806399170998,53.31041174104736,69.85699678629192,117.41379816699569
Angry,60.74537019394976,74.46475676452586,65.79513659838392,59.22837157984339,108.07404868885037
Angry,89.27485648266257,57.201398584300364,62.76941930590086,92.22797840135064,111.51681487560519
Angry,91.41115905621152,86.76404785393545,92.84934033152847,96.04686356149273,110.4943437466371
Angry,40.70626487409524,56.22277118748239,43.01162633521314,58.18934610390462,119.88327656516567
Angry,62.6418390534633,46.32493928760188,43.04648650006177,51.07837115648854,96.08329719571451
Angry,70.71067811865476,88.32326986700618,86.58521813797087,73.55270219373317,90.27181176868004
Angry,79.83107164506812,63.50590523722971,71.55417527999327,77.79460135510689,90.4267659490264
Angry,96.46242791885346,125.54282137979854,121.63058825805291,89.98888820293314,133.79461872586654
Angry,60.8276253029822,58.180752831155424,57.38466694161429,62.80127387243033,92.02173656261873
Angry,61.032778078668514,30.463092423455635,54.08326913195984,58.872744118140105,44.68780594300866
Angry,72.83543093852057,92.84934033152847,102.1077861869505,85.44003745317531,123.76186811776881
Angry,102.70345661174214,92.47702417357513,102.15674231297707,98.0612053770501,99.02019995940222
Angry,79.30952023559341,43.41658669218482,46.75467891024384,75.4254598925323,105.41821474489122
Angry,51.03920062069938,30.0,24.413111231467404,55.036351623268054,130.59862173851607
Angry,54.037024344425184,39.6232255123179,41.182520563948,61.66036003787198,102.59142264341595
Angry,88.09086218218096,35.12833614050059,48.54894437575342,65.76473218982953,56.859475903318
Angry,37.656340767525464,28.319604517012593,21.2602916254693,40.0,76.84399781375251
Angry,71.56814934033156,48.60041152089147,54.120236510939236,77.12976079309465,112.43220179290273
Angry,62.39390995922599,44.41846462902562,44.40720662234904,65.39113089708727,110.05907504608605
Angry,62.64982043070834,70.21395872616783,55.31726674375732,82.0792300158816,143.95138068111746
Angry,59.21148537234985,49.678969393496885,38.47076812334269,73.00684899377592,103.32473082471591
Angry,61.66036003787198,34.539832078341085,35.84689665786984,60.530983801686226,119.23086848631104
Angry,46.17358552246078,11.180339887498949,19.1049731745428,27.018512172212592,57.07889277132134
Angry,108.77959367454909,138.00362314084367,172.46738822165773,112.30761327710601,89.02246907382428
Angry,52.61178575186362,63.788713735268246,51.66236541235796,49.25444142409901,75.66372975210778
Angry,73.0,42.44997055358225,52.69724850502159,76.48529270389177,84.40379138403677
Angry,67.68308503607086,46.09772228646444,44.598206241955516,73.24616030891995,112.43220179290273
Angry,51.42956348249516,50.24937810560445,41.773197148410844,58.52349955359813,109.71326264403953
Angry,61.98386886924694,62.39390995922599,66.03029607687671,80.75270893288967,129.76902558006668
Angry,102.12247548899312,89.81091247727082,110.72488428533127,96.04686356149273,96.20810776644555
Angry,46.486557196677836,61.773780845922005,50.695167422546305,55.57877292636101,120.88010589009261
Angry,48.38388161361178,39.05124837953327,47.38143096192854,49.24428900898052,78.40918313565064
Angry,79.51100552753688,96.46242791885346,103.07764064044152,87.86353054595519,87.65842800324451
Angry,56.938563381947034,66.48308055437865,50.80354318352215,68.62215385719105,113.9912277326637
Angry,79.02531240052139,85.58621384311844,94.37160589923221,98.15294188153507,113.89907813498755
Angry,50.24937810560445,33.97057550292606,40.311288741492746,57.56735185849702,87.92041856133307
Angry,35.05709628591621,37.64306044943742,25.179356624028344,56.32051136131489,126.60568707605516
Angry,87.86353054595519,64.6297145282261,52.08646657242167,102.48902380255166,128.1288414058287
Angry,68.73136110975832,53.0,54.08326913195984,66.75327707311455,91.80958555619343
Angry,32.984845004941285,75.29276193632427,63.60031446463138,52.15361924162119,103.27632836231156
Angry,81.25269226308751,50.774009099144415,53.009433122794285,82.28000972289685,123.5556554755791
Angry,66.09841147864296,82.15229759416349,89.05054744357274,96.04165762834376,122.77621919573839
Angry,83.21658488546619,71.5122367151245,74.09453421137081,81.39410298049853,100.7670581092849
Angry,76.94153624668537,125.51493934986385,135.14806694880988,80.0812087820857,97.41663102366043
Angry,73.54590403278758,67.53517601961218,62.609903369994115,75.8023746329889,105.3612832116238
Angry,61.5223536610881,64.40496875241847,59.61543424315552,76.79192665899195,105.68348972285122
Angry,100.60318086422517,58.83026432033091,55.86591089385369,92.00543462209176,148.44864431849825
Angry,60.876925020897694,43.86342439892262,41.012193308819754,63.56099432828282,113.81124724736128
Angry,82.29823813423954,83.6719785830358,100.2845950283492,92.04890004774636,95.77577981932593
Angry,59.07622195096772,34.785054261852174,39.408120990476064,47.042533945356304,85.42247947700886
Angry,106.53168542738823,112.60550608207397,119.61605243444544,103.81233067415451,101.25709851659784
Angry,90.60905032059435,74.02702209328699,95.88013350011565,96.60745312862771,84.50443775329198
Angry,65.25335240430181,57.42821606144492,59.16924876994806,69.26037828369117,88.48163651289458
Angry,33.52610922848042,72.86288492778748,61.09828148156051,61.61168720299745,101.83319694480774
Angry,53.33854141237835,35.12833614050059,51.07837115648854,34.9857113690718,52.952809179494906
Angry,113.52973178863765,145.41320435228707,161.5951731952412,129.71121771072848,135.19245541079576
Angry,25.079872407968907,54.817880294662984,41.23105625617661,49.01020301937138,118.80235687897779
Angry,68.00735254367721,66.06814663663572,78.00640999302557,72.83543093852057,83.18653737234169
Angry,53.600373133029585,32.802438933713454,21.633307652783937,63.06346010171025,120.21647141718975
Angry,58.60034129593445,68.81860213634101,65.19202405202648,62.76941930590086,97.082439194738
Angry,63.90618123468183,38.948684188300895,41.048751503547585,58.18934610390462,113.45483682946268
Angry,30.4138126514911,52.630789467763066,37.21558813185679,50.695167422546305,126.03570922560003
Angry,75.16648189186454,49.8196748283246,51.42956348249516,83.02409288875127,138.2244551445221
Angry,70.22819946431775,70.9365914038728,73.43023900274328,60.166435825965294,84.8999411071645
Angry,47.51841748206689,56.639209034025185,45.5411901469428,70.25667228100119,101.21264743103995
Angry,81.2219182240853,51.478150704935004,61.773780845922005,73.16419889536138,104.95713410721541
Angry,84.5931439302264,50.47771785649585,67.20119046564577,75.28612089887484,107.56393447619885
Angry,55.14526271584895,27.073972741361768,32.202484376209235,34.132096331752024,76.53757247260981
Angry,82.02438661763951,86.76981041814025,94.37160589923221,98.3107318658548,94.49338601193207
Angry,65.30696746902278,54.70831746635972,47.16990566028302,67.26812023536856,96.20810776644555
Happy,124.19742348374221,55.46169849544819,78.49203781276162,123.96773773849388,112.0446339634344
Happy,95.13148795220224,67.00746227100382,81.83520025025906,109.11003620199197,116.77756633874505
Happy,88.2779700718135,65.29931086925804,77.02596964660685,95.0789145920377,107.71258050942797
Happy,74.02702209328699,69.28924880528002,77.79460135510689,74.33034373659252,101.6070863670443
Happy,94.64142856064674,97.83659846908007,95.38343671728336,113.52973178863765,136.65284482951682
Happy,105.47511554864494,69.77822009767804,77.69813382572325,94.89467845985885,88.83692925805124
Happy,70.25667228100119,60.74537019394976,61.26989472816156,76.6550715869472,111.80339887498948
Happy,76.10519036176179,59.80802621722272,64.62197768561404,73.0,102.42070103255493
Happy,87.69264507357501,91.76055797563569,116.05602095539895,89.15716460273958,83.35466393669883
Happy,42.1070065428546,51.85556864985669,47.53945729601885,64.4980619863884,101.24228365658294
Happy,96.6902270139025,67.97793759742936,87.36704184073076,82.63776376451628,98.812954616285
Happy,109.0,72.12489168102785,82.29216244576394,94.13288479590966,107.29864864013899
Happy,81.15417426109393,48.104053883222775,55.569775957799216,86.37129152675674,135.80132547217644
Happy,80.36168241145776,57.4543296888929,53.150729063673246,90.44335243676011,129.1394595001853
Happy,62.00806399170998,40.80441152620633,35.0,74.06078584514209,126.82665335015349
Happy,108.16653826391968,49.4064773081425,76.47875521999558,104.34557968596465,102.62553288534
Happy,90.35485598461214,89.05054744357274,101.6366075781753,103.84603988597736,101.59724405711013
Happy,85.0235261559999,51.66236541235796,82.365041127896,87.72684879784524,79.32212806020776
Happy,89.05054744357274,58.249463516842795,82.76472678623425,87.5956619930462,87.32124598286491
Happy,62.00806399170998,51.86520991955976,49.64876634922564,86.68333173107735,139.8070098385628
Happy,83.02409288875127,76.05918747922567,75.29276193632427,107.28000745712129,111.83022847155415
Happy,84.02380615040002,72.62231062146122,83.00602387778854,100.43903623591775,106.7941945987702
Happy,92.02173656261873,66.85057965343307,80.62257748298549,99.46356116689167,91.8313671900838
Happy,94.19129471453293,54.67174773134658,78.23042886243178,92.02716990106781,110.20889256316842
Happy,129.71121771072848,74.81310045707235,100.60318086422517,120.55289295574785,124.77980605851253
Happy,77.23341245859851,66.48308055437865,75.58438992278762,69.05070600652827,113.22985472038724
Happy,97.082439194738,67.26812023536856,85.0,108.4665847162157,105.68348972285122
Happy,92.0869154657707,82.02438661763951,84.52810183601665,115.12167476196652,117.5967686630887
Happy,99.62429422585637,80.0,94.11163583744573,107.82393055347222,123.94353553130554
Happy,87.5728268357257,67.23094525588644,74.43117626371358,84.52810183601665,107.56393447619885
Happy,98.00510190801293,51.40038910358559,77.02596964660685,94.37160589923221,105.41821474489122
Happy,71.19691004531025,44.04543109109048,39.698866482558415,74.81310045707235,137.17871555019022
Happy,93.39164844888434,63.00793600809346,80.62257748298549,93.03762679690406,138.2931668593933
Happy,86.34813257969161,57.0087712549569,60.63827174318213,86.49277426467485,137.7425134081704
Happy,102.1077861869505,53.600373133029585,81.9084855189009,89.67719888578144,91.54780172128658
Happy,84.38009243891595,54.91812087098393,69.9714227381436,81.04319835741924,99.6393496566492
Happy,78.63841300535,84.59905436823747,83.95236744726142,101.01980003939822,154.20765220960988
Happy,55.65968020030299,46.51881339845203,58.52349955359813,47.50789408087881,62.68173577685928
Happy,62.20128616033595,39.44616584663204,34.058772731852805,70.34912934784623,80.44874144447506
Happy,108.11567878897121,127.90621564255585,130.080744155313,130.98091464026353,138.63621460498698
Happy,83.19855767980596,53.46026561849464,65.45991139621256,67.7421582177598,104.21612159354233
Happy,75.0066663703967,58.412327466040935,60.8276253029822,83.2946576918352,113.27841806805037
Happy,55.036351623268054,42.190046219457976,46.51881339845203,57.55866572463264,76.57675887630658
Happy,98.65596788841515,53.225933528685054,72.11102550927978,96.02083107326243,95.80187889597991
Happy,88.20430828479978,107.96758772891057,117.881296226331,88.45903006477066,86.97700845625813
Happy,90.2551937563706,84.62860036654276,70.49113419430843,101.17806086301516,146.64924138910504
Happy,76.32168761236873,54.67174773134658,59.481089431852205,84.09518416651456,98.08159868191383
Happy,76.6550715869472,26.627053911388696,26.90724809414742,78.31347265956222,131.2288078129189
Happy,101.40019723846694,38.8329756778952,53.25410782277739,93.04837451562494,110.27692415006868
Happy,70.25667228100119,61.71709649683789,67.23094525588644,73.16419889536138,94.79451460923254
Happy,85.28774824088158,84.20213774008353,84.75848040166836,108.16653826391968,115.67627241573788
Happy,114.54256850621083,82.38931969618392,126.28935030318273,103.75451797391764,80.60397012554654
Happy,84.38009243891595,80.91971329657564,90.87353850269065,103.16006979447037,117.47765745025733
Happy,89.0,54.037024344425184,61.91122676865643,100.80674580602232,128.03515142334936
Happy,76.0,45.70557952810576,63.56099432828282,59.43904440685432,63.812224534175265
Happy,104.34557968596465,91.2414379544733,97.09788875150684,119.21828718783037,155.66630977832037
Happy,90.80198235721508,72.83543093852057,87.45856161634491,94.36630754670864,114.23659658795863
Happy,66.85057965343307,97.09788875150684,101.6366075781753,81.39410298049853,99.74467404327912
Happy,79.1012010022604,38.01315561749642,61.40032573203501,67.67569726275453,99.80981915623332
Happy,141.79210133149166,60.37383539249432,96.93296652842108,130.24592124131948,107.62899237658968
Happy,107.20541031123382,66.76076692189807,101.96568050084302,107.07474025184464,89.81091247727082
Happy,73.824115301167,45.79301256742124,48.79549159502341,63.387695966961914,119.03780911962384
Happy,72.78049189171504,53.71219600798314,64.66065264130884,67.4166151627327,89.81091247727082
Happy,141.79210133149166,60.37383539249432,96.93296652842108,130.24592124131948,107.62899237658968
Happy,87.09190547921202,82.29823813423954,91.54780172128658,92.39588735436226,95.38343671728336
Happy,90.79647570252934,84.90583018850944,89.73850901368932,113.03981599418853,106.10372283760829
Happy,83.74365647617735,116.1077086157504,111.66467659918243,105.32331175955302,112.0714058089752
Happy,75.23961722390672,57.14017850864661,60.92618484691127,83.18653737234169,100.41912168506553
Happy,66.18912297349165,69.35416353759881,63.245553203367585,93.08598175880189,123.00406497347964
Happy,58.69412236331676,63.60031446463138,76.48529270389177,69.77105417004964,78.29431652425353
Happy,93.03762679690406,58.137767414994535,82.75868534480233,81.5659242576212,92.0869154657707
Happy,91.35097153287424,71.16881339463234,90.24965373894794,91.7877987534291,92.45539465060976
Happy,86.14522621712709,60.53924347066124,73.53910524340094,81.30190649671138,109.60383204979651
Happy,71.80529228406496,52.49761899362675,61.1310068623117,88.05112151472007,111.73182178770737
Happy,94.19129471453293,89.89438247187641,90.47098982546837,114.0175425099138,113.84638773364749
Happy,88.68483523128404,66.21933252457322,79.25906888173743,94.25497334358543,98.85848471426213
Happy,60.207972893961475,33.54101966249684,27.784887978899608,66.12110101926616,133.22537295875736
Happy,45.880278987817846,70.83784299369935,64.53681120105021,53.75872022286245,90.4267659490264
Happy,99.24716620639605,76.05918747922567,100.12492197250393,99.72963451251589,102.39628899525607
Happy,91.35097153287424,71.16881339463234,90.24965373894794,91.7877987534291,92.45539465060976
Happy,93.90420650854784,63.7808748764079,61.220911460055866,97.86725703727473,137.53544997563355
Happy,88.68483523128404,58.728187440104094,68.00735254367721,94.64142856064674,126.73200069437868
Happy,101.00495037373169,60.21627686929839,88.11923740024082,99.62429422585637,108.07404868885037
Happy,86.09297300012354,45.45327270945405,59.941638282582836,88.11923740024082,107.71258050942797
Happy,62.36184731067546,36.40054944640259,49.36598018878993,41.048751503547585,64.07027391856539
Happy,92.39588735436226,47.70744176750625,75.0066663703967,91.7877987534291,102.00490184299969
Happy,37.107950630558946,53.75872022286245,46.61544808322666,56.515484603779164,99.6393496566492
Happy,90.55385138137417,63.694583757176716,84.77027781009096,89.80534505250787,102.17631819555841
Happy,69.8927750200262,76.27581530209953,77.80102827083971,92.13034245024816,120.7683733433551
Happy,56.00892785976178,30.886890422961002,33.24154027718932,60.530983801686226,86.68333173107735
Happy,68.24954212300622,77.38862965578342,79.37883848986453,76.15773105863909,105.38026380684383
Happy,83.02409288875127,51.31276644267,67.53517601961218,82.22530024268686,121.65936051122412
Happy,70.25667228100119,61.71709649683789,67.23094525588644,73.16419889536138,94.79451460923254
Happy,61.39218191268331,55.226805085936306,56.302753041036986,73.68174807915459,95.67131231461184
Happy,83.02409288875127,76.05918747922567,75.29276193632427,107.28000745712129,111.83022847155415
Happy,84.02380615040002,72.62231062146122,83.00602387778854,100.43903623591775,106.7941945987702
Happy,82.56512580987206,73.06161783043132,80.2807573457052,103.3537614216338,124.34226956268733
Happy,78.10249675906654,72.44998274671983,85.7962703152066,73.7563556583431,90.55385138137417
Happy,83.02409288875127,55.80322571321482,65.29931086925804,90.13878188659973,110.9414259868693
Happy,68.3593446428504,40.049968789001575,60.74537019394976,51.0,41.012193308819754
Happy,109.88175462741756,68.15423684555495,93.62157870918435,111.04053313993049,96.67471230885562
Happy,80.30566605165541,104.04326023342406,121.80722474467596,90.13878188659973,79.88116173416608
Happy,85.37564055396598,75.28612089887484,76.92203845452875,100.80674580602232,123.00406497347964
Happy,89.94442728707543,45.254833995939045,59.413803110051795,83.5224520712844,107.56393447619885
Happy,72.18032973047436,63.071388124885914,68.06614430096654,86.05230967266364,115.24755962709145
Happy,84.29116205154607,75.16648189186454,68.4470598345904,96.18731725128839,118.10588469674151
Happy,99.12618221237011,69.85699678629192,95.75489543621255,91.39474820797966,89.40357934669059
Happy,71.25307010929424,49.51767361255979,40.22437072223753,82.05485969764375,134.41726079637243
Happy,90.80198235721508,72.83543093852057,87.45856161634491,94.36630754670864,114.23659658795863
Happy,69.06518659932803,65.52098900352466,78.33900688673555,68.73136110975832,69.8927750200262
Happy,100.07996802557443,62.289646009589745,80.1311425102625,106.7379969832674,102.7277956543408
Happy,64.4980619863884,72.71863585079137,69.87131027825369,91.00549433962765,113.85077953180645
Happy,69.00724599634447,41.10960958218893,49.09175083453431,74.52516353554684,95.01578816175763
Happy,86.09297300012354,45.45327270945405,59.941638282582836,88.11923740024082,107.71258050942797
Happy,76.05918747922567,57.8013840664737,73.40980860893181,77.62087348130012,87.96590248499699
Happy,112.61438629233834,81.83520025025906,106.53168542738823,105.84894897919393,84.50443775329198
Happy,79.51100552753688,62.42595614005443,57.982756057296896,84.29116205154607,124.52309022827855
Happy,102.7861858422619,89.9388681271896,95.26804291051643,105.1094667477673,132.30646242719968
Happy,95.33624704172071,96.54014708917737,94.36630754670864,96.51942809610924,107.33126291998991
Happy,84.5931439302264,46.647615158762406,66.60330322138685,87.72684879784524,90.55385138137417
Happy,80.4114419718985,60.03332407921454,79.20227269466452,69.63476143421474,96.40020746865642
Happy,55.036351623268054,42.190046219457976,46.51881339845203,57.55866572463264,76.57675887630658
Happy,98.04590761474952,71.8679344353238,87.92041856133307,95.88534820294495,84.8999411071645
Happy,85.0235261559999,40.80441152620633,56.61271941887264,77.46612162745726,104.00480758118829
Happy,64.38167441127949,72.13875518748573,64.07807737440318,90.09439494219383,115.6027681329474
Happy,96.25487000666512,74.63243262818116,102.15674231297707,84.50443775329198,81.40024569987489
Happy,88.36288813749809,66.85057965343307,76.84399781375251,104.35516278555652,118.98319209031165
Happy,75.05997601918082,39.11521443121589,53.2634959423431,77.4919350642375,84.02380615040002
Happy,71.34423592694787,94.66784036831093,99.04039579888602,94.36630754670864,100.20977996183805
Happy,90.00555538409837,55.60575509783138,71.11961754677819,93.17188417113823,120.24142381059865
Happy,95.33624704172071,55.80322571321482,72.80109889280519,86.81589716175259,135.41787178950938
Happy,123.3288287465668,74.96665925596525,97.41663102366043,125.2836781069266,110.27692415006868
Happy,99.04544411531506,59.90826320300064,78.26237921249263,98.47842403288143,106.5269918846862
Happy,92.02173656261873,67.62396025078685,77.82673062643708,99.6393496566492,122.9186723000212
Happy,42.80186911806539,48.093658625644196,39.56008088970496,59.464274989274024,90.24411338142782
Happy,87.14355971613737,69.52697318307479,76.48529270389177,101.20276676059801,116.82465493208187
Happy,106.97663296253066,72.00694410957877,71.19691004531025,109.5627673984187,150.58552387264854
Happy,79.51100552753688,55.44366510251645,62.433965115151864,93.00537618869137,143.01048912579805
Happy,83.02409288875127,76.05918747922567,75.29276193632427,107.28000745712129,111.83022847155415
Happy,63.60031446463138,41.677331968349414,38.8329756778952,67.72001181334805,88.86506625215557
Happy,96.20810776644555,66.27216610312357,94.19129471453293,90.19977827023745,102.83968105745953
Happy,70.22819946431775,68.8839603971781,64.07027391856539,89.31965069345043,124.4025723206719
Happy,83.54639429682169,90.75791976461338,82.63776376451628,81.30190649671138,112.69871339105873
Happy,69.05070600652827,87.04596486914255,81.8413098624405,98.49365461794989,133.96268137059664
Happy,79.30952023559341,89.20201791439474,84.50443775329198,104.08650248711405,128.7245120402482
Happy,91.35097153287424,97.49358953285082,114.49017425089369,101.24228365658294,96.15092303249095
Happy,69.92138442565336,89.19641248391103,83.57032966310472,68.4470598345904,84.87638069569178
Happy,34.713109915419565,42.190046219457976,38.8329756778952,48.25971404805462,78.77182237323191
Happy,91.54780172128658,62.42595614005443,82.87339742040264,100.44899203078147,99.40321926376429
Happy,72.18032973047436,63.071388124885914,68.06614430096654,86.05230967266364,115.24755962709145
Happy,69.42621983083913,38.05259518088089,65.76473218982953,51.73973328110612,54.230987451824994
Happy,75.59100475585703,52.15361924162119,60.60528029800704,76.84399781375251,103.73041983911952
Happy,114.54256850621083,82.38931969618392,126.28935030318273,103.75451797391764,80.60397012554654
Happy,105.11898020814318,106.02358228243375,96.15092303249095,105.57461816175325,116.03878661895772
Happy,73.05477397131553,70.80254232723568,57.982756057296896,88.05679985100527,130.0
Happy,72.18032973047436,56.4003546088143,60.74537019394976,84.00595217006948,118.43141475132347
Happy,61.5223536610881,85.58621384311844,75.0,83.21658488546619,113.14592347937243
Happy,67.0,84.20213774008353,72.80109889280519,98.04590761474952,109.55363982999378
Happy,55.90169943749474,82.21921916437786,69.02897942168927,67.06713054842886,115.52056094046635
Happy,99.0,84.86459803710851,90.82400563727631,116.55899793666725,110.30865786510141
Happy,74.24284477308234,38.897300677553446,47.50789408087881,78.40918313565064,128.4562182223967
Happy,67.06713054842886,58.89821729050889,68.70953354520753,81.58431221748455,93.23625904121208
Happy,64.0,32.55764119219941,38.2099463490856,62.289646009589745,116.3872845288522
Happy,67.00746227100382,35.17101079013795,57.245087125446844,52.49761899362675,86.00581375697809
Happy,75.05997601918082,45.0,54.70831746635972,75.31268153505093,93.50935782048768
Happy,93.38094023943002,63.89053137985315,85.14693182963201,94.02127418834527,97.65244492586962
Happy,84.0535543567314,73.40980860893181,92.11405973031478,83.93449827097318,100.44899203078147
Happy,72.71863585079137,89.27485648266257,58.0,89.05054744357274,145.64683312726027
Happy,95.04735661763561,46.861498055439924,65.60487786742691,87.0976463516667,95.01578816175763
Happy,67.72001181334805,34.655446902326915,55.86591089385369,61.85466837676846,68.60029154456998
Happy,82.49242389456137,35.73513677041127,58.180752831155424,70.00714249274856,67.80117993073571
Happy,54.3415126767741,60.14149981501958,51.54609587543949,81.09870529176159,101.83319694480774
Happy,90.44888059008801,58.412327466040935,82.66196223173026,97.98979538707079,106.04244433244644
Happy,71.56814934033156,46.69047011971501,52.20153254455275,73.97972695272672,114.76933388322858
Happy,89.94442728707543,45.254833995939045,59.413803110051795,83.5224520712844,107.56393447619885
Happy,86.31338250816034,70.76722405181653,74.62573282722254,101.53324578678651,124.03628501370073
Happy,98.65596788841515,72.91776189653656,85.61541917201598,107.00467279516349,106.21205204683694
Happy,56.04462507680822,85.14693182963201,76.53757247260981,89.02246907382428,125.49501982150527
Happy,81.2219182240853,67.17886572427373,74.94664769020693,92.89241088485109,108.70602559196064
Happy,51.86520991955976,49.4064773081425,46.2709412050371,73.824115301167,106.00471687618433
Happy,87.09190547921202,58.249463516842795,70.32780389006896,86.68333173107735,104.06248123122954
Happy,82.97590011563598,56.4003546088143,77.88452991448301,94.76286192385707,95.77577981932593
Happy,64.1248781675256,57.0087712549569,60.876925020897694,70.02856560004639,106.6770828247567
Happy,89.35882720806042,97.16995420396162,104.69479452198185,98.84331034521254,94.82615672903758
Happy,109.37092849564732,75.71657678474378,87.36704184073076,104.7377677822093,125.67020331009256
Happy,97.082439194738,89.06739021662193,95.85405573057407,102.95630140987001,108.23123393919151
Happy,92.17917335276988,117.2006825918689,124.42266674525185,99.9599919967984,102.69371937952194
Happy,89.1403387922662,46.09772228646444,59.413803110051795,84.92938243034621,106.77546534667971
Happy,141.79210133149166,60.37383539249432,96.93296652842108,130.24592124131948,107.62899237658968
Happy,61.0,76.83749084919418,79.1580697086532,76.24303246854758,109.04127658827184
Happy,76.32168761236873,81.30190649671138,87.09190547921202,89.05054744357274,106.02358228243375
Happy,69.05070600652827,59.61543424315552,69.2314957226839,78.00640999302557,106.51291001564083
Happy,90.2551937563706,84.62860036654276,70.49113419430843,101.17806086301516,146.64924138910504
Happy,104.38869670610895,75.66372975210778,88.02272433866155,109.22453936730518,106.83164325236227
Happy,119.01680553602503,99.64436762808022,120.55289295574785,131.59407281484982,123.69316876852982
Happy,81.88406438373708,48.373546489791295,71.19691004531025,58.137767414994535,72.20110802473879
Happy,81.02468759581859,68.6804193347711,62.20128616033595,95.56673061269805,134.8332303254654
Happy,89.0,54.037024344425184,61.91122676865643,100.80674580602232,128.03515142334936
Happy,95.13148795220224,64.4437739428721,75.29276193632427,102.39140588936164,115.25623627379127
Happy,85.28774824088158,83.60023923410746,79.47955712005447,106.92053123698928,142.21462653327893
Happy,81.04936767180853,55.036351623268054,68.8839603971781,87.09190547921202,95.44108130150245
Happy,86.70063436907483,80.49844718999243,89.73850901368932,100.07996802557443,99.70456358662827
Happy,59.77457653551382,41.10960958218893,43.41658669218482,51.92301994298868,118.00423721205946
Happy,91.59148432032315,75.39230729988306,89.44271909999159,102.00490184299969,142.2708684165525
Happy,84.71717653463199,59.135437767890075,76.55063683601855,77.1621668954417,86.02325267042627
Happy,78.00640999302557,44.9221548904324,76.92203845452875,63.071388124885914,84.90583018850944
Happy,95.08417323613851,66.2872536767062,85.0881895447306,99.82484660644363,115.25623627379127
Happy,77.52418977325722,75.47184905645283,83.19855767980596,98.32598842625484,118.81077392223317
Happy,80.05623023850174,65.86349520030045,73.92563831310488,85.15867542417507,106.96261028976434
Happy,84.00595217006948,66.73080248281148,74.09453421137081,90.55385138137417,102.7277956543408
Happy,68.00735254367721,50.44799302251776,50.60632371551998,83.02409288875127,126.90547663517127
Happy,48.093658625644196,68.11754546370561,59.77457653551382,74.43117626371358,132.94359706281458
Happy,83.3606621854697,71.42128534267638,76.66159403508382,97.71898484941399,119.07980517283357
Happy,96.13012014972206,63.50590523722971,80.23091673413684,93.7709976485267,108.90362712049586
Happy,86.14522621712709,114.23659658795863,118.71394189394942,100.0199980003999,75.07329751649384
Happy,98.12746812182611,88.02272433866155,107.96758772891057,102.42070103255493,95.13148795220224
Happy,102.1420579389313,119.4361754243663,122.98373876248843,99.02019995940222,123.97580409095961
Happy,91.7877987534291,79.92496481075234,86.64871608973787,105.01904589168576,111.60645142642964
Happy,88.02272433866155,46.647615158762406,62.22539674441618,86.83317338436964,105.3612832116238
Happy,81.6333265278342,61.35144660071187,51.92301994298868,85.90692637965812,161.31955864060626
Happy,54.12947441089743,33.015148038438355,33.97057550292606,57.0087712549569,79.2464510246358
Happy,47.16990566028302,71.19691004531025,65.0,66.18912297349165,104.4030650891055
Happy,80.23091673413684,84.21995013059554,79.7057087039567,90.09439494219383,116.0
Happy,88.11923740024082,69.6419413859206,85.5102333057278,96.13012014972206,106.82696288858914
Happy,77.41446893184762,39.56008088970496,65.76473218982953,66.64082832618455,86.95401083331349
Happy,77.23341245859851,40.311288741492746,62.177166226839255,65.11528238439882,94.57801012920498
Happy,93.2148056909416,66.70832032063167,80.77747210701756,98.02040603874276,105.80170130957252
Happy,81.70679286326198,80.2807573457052,78.60025445251433,100.22474744293447,126.58988901172162
Happy,74.21590126111789,61.1310068623117,69.46221994724903,80.39900496896712,97.50897394599124
Happy,78.63841300535,63.52952069707436,47.20169488482379,80.39900496896712,111.8257573191436
Happy,88.36288813749809,53.41348144429457,68.26419266350405,88.32326986700618,76.40026177965623
Neutral,59.90826320300064,44.721359549995796,51.62363799656123,41.78516483155236,79.62411694957753
Neutral,69.58448102845921,44.77722635447622,50.774009099144415,65.30696746902278,103.24727599312246
Neutral,72.17340230306452,28.319604517012593,35.805027579936315,70.06425622241343,106.40018796975878
Neutral,67.11929677819934,40.311288741492746,36.235341863986875,72.06247289678588,127.66362050325849
Neutral,52.15361924162119,40.70626487409524,38.91015291668744,54.230987451824994,111.32834320154055
Neutral,83.21658488546619,37.44329045369811,26.419689627245813,91.02197536858887,128.9728653632228
Neutral,78.33900688673555,70.45565981523414,61.85466837676846,81.88406438373708,122.14745187681976
Neutral,69.46221994724903,39.293765408777,42.04759208325728,61.5223536610881,109.41663493271945
Neutral,69.57010852370435,57.38466694161429,58.82176467941097,75.02666192761077,110.60289327137876
Neutral,67.91170738539859,41.012193308819754,40.311288741492746,67.68308503607086,100.89598604503551
Neutral,70.57619995437555,33.54101966249684,46.861498055439924,57.0087712549569,83.86298349093002
Neutral,65.5133574166368,47.4236228055175,45.0,57.42821606144492,98.73702446397704
Neutral,61.07372593840988,59.64059020499378,52.0,75.02666192761077,124.47088012864695
Neutral,50.21951811795888,47.885279575251516,50.695167422546305,55.362442142665635,61.741396161732524
Neutral,52.03844732503075,46.61544808322666,39.56008088970496,56.568542494923804,89.1403387922662
Neutral,75.02666192761077,47.16990566028302,55.46169849544819,68.46897107449476,87.66413177577246
Neutral,42.7551166528639,32.64965543462902,29.832867780352597,44.40720662234904,88.75246475450696
Neutral,69.72087205421343,51.86520991955976,46.647615158762406,74.33034373659252,109.04127658827184
Neutral,51.85556864985669,51.54609587543949,48.30113870293329,60.30754513325841,91.92388155425118
Neutral,64.53681120105021,36.40054944640259,26.92582403567252,62.00806399170998,118.44407963254221
Neutral,79.05694150420949,42.5440947723653,44.41846462902562,77.02596964660685,100.41912168506553
Neutral,69.87131027825369,68.54195795277518,63.56886030125127,75.4254598925323,101.31633629380802
Neutral,71.02112361825881,38.28837943815329,34.438350715445125,68.0294054067798,110.63453348751464
Neutral,43.289721643826724,38.07886552931954,42.15447781671598,36.6742416417845,68.09552114493287
Neutral,66.12110101926616,63.324560795950255,59.033888572581766,78.16009211867653,121.40016474453401
Neutral,68.18357573492314,53.907327887774215,45.221676218380054,83.2946576918352,126.7162183779172
Neutral,67.0,42.15447781671598,47.01063709417264,64.1248781675256,102.6498904042279
Neutral,97.12878049270464,68.09552114493287,66.18912297349165,101.1236866416568,118.86967653695369
Neutral,48.16637831516918,49.64876634922564,40.792156108742276,49.72926703662542,67.08203932499369
Neutral,72.78049189171504,60.03332407921454,67.47592163134935,65.62011886609167,87.31551981177229
Neutral,78.02563681252464,46.010868281309364,47.43416490252569,82.29823813423954,121.16517651536682
Neutral,51.419840528729765,39.81205847478876,40.607881008493905,42.7551166528639,107.78218776773832
Neutral,59.43904440685432,51.07837115648854,39.96248240537617,57.0,100.4987562112089
Neutral,48.76474136094644,48.104053883222775,41.048751503547585,64.28841264178172,110.43550153822818
Neutral,59.413803110051795,40.80441152620633,41.340053217188775,61.66036003787198,90.50966799187809
Neutral,29.0,48.79549159502341,43.01162633521314,50.35871324805669,82.66196223173026
Neutral,64.32728814430156,55.072679252057455,43.56604182158393,67.02984409947557,127.7810627597063
Neutral,64.03124237432849,44.77722635447622,41.23105625617661,66.007575322837,117.80067911519016
Neutral,78.40918313565064,64.8459713474939,57.245087125446844,81.00617260431454,121.26417442921878
Neutral,62.289646009589745,44.04543109109048,48.60041152089147,61.98386886924694,90.13878188659973
Neutral,80.0812087820857,62.96824596572466,65.06919393998976,79.6994353806851,107.35455276791944
Neutral,70.3420215802759,80.06247560499239,82.0792300158816,77.4919350642375,98.22932352408826
Neutral,70.61161377563892,71.449282711585,69.35416353759881,92.04890004774636,137.78606605894515
Neutral,84.29116205154607,51.22499389946279,55.47071299343465,85.98837130682264,99.56907150315303
Neutral,48.0,34.0,33.54101966249684,49.0,94.89467845985885
Neutral,75.1065909225016,51.62363799656123,50.60632371551998,86.70063436907483,120.10412149464314
Neutral,45.89117562233506,41.72529209005013,31.827660925679098,53.08483775994799,104.80935072788114
Neutral,45.12205669071391,49.09175083453431,42.20189569201838,62.36184731067546,105.55093557141026
Neutral,98.2496819333274,81.27115109311545,89.00561780022652,104.7377677822093,104.30723848324239
Neutral,70.09279563550022,52.20153254455275,55.226805085936306,73.37574531137656,90.4267659490264
Neutral,59.77457653551382,48.27007354458868,45.803929962395145,63.60031446463138,108.2450922675019
Neutral,71.449282711585,43.08131845707603,46.32493928760188,62.39390995922599,71.449282711585
Neutral,71.02816342831905,34.92849839314596,36.87817782917155,61.29437168288782,126.11502686040232
Neutral,64.4980619863884,41.048751503547585,44.40720662234904,61.814237842102365,99.6393496566492
Neutral,37.8549864614954,31.240998703626616,28.319604517012593,38.3275357934736,89.87213138676528
Neutral,74.46475676452586,60.14149981501958,59.54829972383762,76.69419795525604,95.44108130150245
Neutral,55.00909015790027,65.92419889539804,53.9351462406472,57.0701322935211,106.4377752492037
Neutral,74.52516353554684,50.99019513592785,41.23105625617661,79.30952023559341,123.40583454602137
Neutral,74.46475676452586,60.14149981501958,59.54829972383762,76.69419795525604,95.44108130150245
Neutral,57.38466694161429,46.87216658103186,51.22499389946279,52.32590180780452,111.04053313993049
Neutral,56.32051136131489,39.20459156782532,35.805027579936315,59.135437767890075,108.4665847162157
Neutral,87.82368700982668,62.00806399170998,56.61271941887264,92.43916918709297,123.69316876852982
Neutral,69.02897942168927,44.10215414239989,64.51356446515724,47.43416490252569,64.00781202322104
Neutral,59.30430001273095,40.36087214122113,31.622776601683793,68.0294054067798,117.00427342623003
Neutral,37.013511046643494,45.967379738244816,29.832867780352597,63.12685640834652,123.0447073221762
Neutral,74.00675644831355,55.94640292279746,59.033888572581766,75.16648189186454,118.0889495253472
Neutral,75.23961722390672,64.35060217278468,66.24198064671678,89.82204629154248,112.80514172678478
Neutral,67.60177512462228,48.30113870293329,59.20304046246274,73.17103251970687,108.97706180660222
Neutral,55.226805085936306,42.15447781671598,31.953090617340916,61.61168720299745,83.773504164503
Neutral,97.58073580374356,69.81403870282824,76.48529270389177,80.65977932030313,88.81441324469807
Neutral,76.79192665899195,26.92582403567252,42.43819034784589,67.35725647619564,88.52683209061533
Neutral,64.19501538281614,38.2099463490856,36.87817782917155,66.18912297349165,115.43396380615195
Neutral,59.30430001273095,51.54609587543949,47.53945729601885,57.0087712549569,108.40664186294121
Neutral,52.15361924162119,43.86342439892262,42.04759208325728,64.77653896280658,108.18964830333815
Neutral,74.00675644831355,55.94640292279746,59.033888572581766,75.16648189186454,118.0889495253472
Neutral,76.16429609731846,33.28663395418648,39.66106403010388,72.0,111.83022847155415
Neutral,67.446274915669,59.90826320300064,51.03920062069938,69.72087205421343,105.11898020814318
Neutral,96.42095207992918,61.26989472816156,93.40770846134703,91.92388155425118,78.56844150166147
Neutral,73.7563556583431,66.64833081180653,58.52349955359813,71.25307010929424,124.08464852672147
Neutral,62.39390995922599,41.773197148410844,41.23105625617661,64.4980619863884,109.78615577567146
Neutral,61.204574992397426,43.93176527297759,45.18849411078001,72.18032973047436,124.57929201917949
Neutral,76.16429609731846,33.28663395418648,39.66106403010388,72.0,111.83022847155415
Neutral,47.095647357266465,45.5411901469428,47.43416490252569,47.265209192385896,73.24616030891995
Neutral,70.21395872616783,57.982756057296896,52.478567053607705,73.55270219373317,99.02019995940222
Neutral,72.83543093852057,60.83584469702052,51.97114584074513,72.00694410957877,124.03628501370073
Neutral,66.37017402418047,50.60632371551998,53.71219600798314,70.03570517957252,104.80458005259122
Neutral,45.12205669071391,49.09175083453431,42.20189569201838,62.36184731067546,105.55093557141026
Neutral,70.11419257183242,48.104053883222775,62.76941930590086,65.25335240430181,79.2464510246358
Neutral,42.7551166528639,32.64965543462902,29.832867780352597,44.40720662234904,88.75246475450696
Neutral,69.72087205421343,51.86520991955976,46.647615158762406,74.33034373659252,109.04127658827184
Neutral,61.66036003787198,42.20189569201838,46.647615158762406,63.788713735268246,95.90099061010788
Neutral,48.76474136094644,18.027756377319946,31.827660925679098,44.384682042344295,121.21056059601408
Neutral,60.29925372672534,49.24428900898052,51.07837115648854,60.530983801686226,95.2102935611481
Neutral,59.033888572581766,53.53503525729669,54.56189146281496,64.76109943476871,106.77546534667971
Neutral,75.05997601918082,58.52349955359813,68.4470598345904,79.62411694957753,81.88406438373708
Neutral,65.19202405202648,44.10215414239989,47.4236228055175,69.87131027825369,110.63453348751464
Neutral,75.0,72.40165743959182,65.0,79.62411694957753,117.79643458101778
Neutral,66.91038783328041,43.86342439892262,42.5205832509386,66.61080993352356,121.60592090848209
Neutral,54.78138369920935,56.356011214421486,53.23532661682466,54.70831746635972,86.83317338436964
Neutral,52.69724850502159,51.478150704935004,45.0,61.40032573203501,112.29425630903836
Neutral,52.839379254491625,41.88078318274385,37.64306044943742,42.720018726587654,81.02468759581859
Neutral,55.08175741568164,40.607881008493905,51.10772935672255,64.8459713474939,85.88364221433555
Neutral,72.3671196055225,65.76473218982953,60.41522986797286,77.78174593052023,112.61438629233834
Neutral,64.4980619863884,41.048751503547585,44.40720662234904,61.814237842102365,99.6393496566492
Neutral,66.70832032063167,65.36818798161687,60.8276253029822,70.03570517957252,102.20078277586722
Neutral,80.09993757800315,59.464274989274024,60.92618484691127,76.10519036176179,71.84010022264724
Neutral,59.413803110051795,45.0,44.41846462902562,63.63961030678928,116.51609330903607
Neutral,59.841457201508724,48.27007354458868,48.25971404805462,64.32728814430156,103.9471019317037
Neutral,73.7563556583431,66.64833081180653,58.52349955359813,71.25307010929424,124.08464852672147
Neutral,78.63841300535,74.41102068914255,64.4980619863884,95.524865872714,124.63145670335399
Neutral,59.135437767890075,34.20526275297414,38.8329756778952,58.69412236331676,108.23123393919151
Neutral,71.02816342831905,45.89117562233506,50.92150822589606,63.00793600809346,104.31682510506155
Neutral,83.72574275573791,38.28837943815329,28.160255680657446,84.71717653463199,126.0634760745554
Neutral,50.24937810560445,61.814237842102365,49.658836071740545,69.31089380465383,114.33722053644648
Neutral,75.53806987208503,46.22769732530488,48.41487374764082,74.81310045707235,105.55093557141026
Neutral,64.03124237432849,44.77722635447622,41.23105625617661,66.007575322837,117.80067911519016
Neutral,69.05070600652827,49.92995093127971,45.60701700396552,67.26812023536856,107.41508273980894
Neutral,63.953107821277925,47.41307836451879,38.01315561749642,74.81310045707235,126.81088281373961
Neutral,53.16013544000805,40.80441152620633,36.124783736376884,51.78802950489621,91.93475947648963
Neutral,50.60632371551998,50.91168824543142,49.20365840057018,57.30619512757761,86.00581375697809
Neutral,77.41446893184762,61.40032573203501,51.85556864985669,98.47842403288143,135.95955280891445
Neutral,60.41522986797286,55.86591089385369,55.569775957799216,73.08214556237385,107.18675291284833
Neutral,39.6232255123179,56.32051136131489,48.27007354458868,62.289646009589745,121.27654348636426
Neutral,73.0,46.04345773288535,52.354560450833695,74.43117626371358,94.26027795418386
Neutral,58.18934610390462,61.71709649683789,53.33854141237835,56.88585061331157,93.50935782048768
Neutral,82.97590011563598,93.40770846134703,87.46427842267951,82.87339742040264,122.3315167894194
Neutral,69.05070600652827,45.967379738244816,49.57822102496216,70.09279563550022,103.24727599312246
Neutral,72.0,63.13477647065839,57.584720195551874,83.00602387778854,103.23759005323593
Neutral,61.814237842102365,65.19202405202648,65.0,72.56721022610694,101.6070863670443
Neutral,61.0,73.53910524340094,67.35725647619564,67.36467917239716,98.08159868191383
Neutral,26.92582403567252,39.05124837953327,25.495097567963924,47.53945729601885,118.22436297142819
Neutral,53.45091205957107,67.89698078707183,51.478150704935004,76.2954782408499,130.17296186228538
Neutral,42.7551166528639,32.64965543462902,29.832867780352597,44.40720662234904,88.75246475450696
Neutral,50.08991914547278,31.240998703626616,25.079872407968907,64.0,101.87246929372037
Neutral,72.00694410957877,47.80167361086848,45.880278987817846,69.1158447825099,125.67020331009256
Neutral,89.27485648266257,57.3149195236284,57.42821606144492,95.75489543621255,139.31618714277246
Neutral,73.10950690573696,49.040799340956916,51.86520991955976,75.53806987208503,99.76472322419383
Neutral,71.34423592694787,62.26556030423239,63.89053137985315,83.0,95.46203433826454
Neutral,79.76214641043707,70.178344238091,73.79024325749306,85.90692637965812,101.53324578678651
Neutral,36.49657518178932,49.20365840057018,35.73513677041127,55.00909015790027,125.60652849274993
Neutral,76.00657866263946,45.221676218380054,56.36488268416781,79.42921376924235,89.27485648266257
Neutral,52.69724850502159,51.478150704935004,45.0,61.40032573203501,112.29425630903836
Neutral,70.03570517957252,50.32891812864648,56.61271941887264,71.84010022264724,118.84864324004712
Neutral,59.53990258641679,30.01666203960727,52.630789467763066,48.76474136094644,49.040799340956916
Neutral,79.42921376924235,81.88406438373708,79.71198153351854,91.78235124467012,129.07362240210043
Neutral,51.088159097779204,31.144823004794873,35.510561809129406,56.293871780150276,76.4198926981712
Neutral,59.77457653551382,73.348483283569,58.137767414994535,63.12685640834652,108.93117092916977
Neutral,56.753854494650845,53.75872022286245,57.77542730261716,43.32435804486894,63.071388124885914
Neutral,67.06713054842886,52.49761899362675,52.49761899362675,67.06713054842886,98.00510190801293
Neutral,40.0,41.593268686170845,35.608987629529715,49.09175083453431,87.09190547921202
Neutral,51.78802950489621,44.721359549995796,48.33218389437829,40.024992192379,70.32780389006896
Neutral,53.46026561849464,36.05551275463989,28.319604517012593,62.289646009589745,115.31261856362468
Neutral,54.70831746635972,38.3275357934736,36.013886210738214,44.77722635447622,91.02197536858887
Neutral,41.10960958218893,37.013511046643494,34.828149534535996,49.040799340956916,79.07591289387686
Neutral,44.14748010928823,47.4236228055175,42.05948168962618,56.293871780150276,106.06601717798213
Neutral,55.65968020030299,44.598206241955516,38.41874542459709,60.63827174318213,119.60351165413162
Neutral,40.607881008493905,51.0,34.52535300326414,60.728905802755904,101.82337649086284
Neutral,67.91170738539859,51.03920062069938,55.758407437802596,68.30812543175226,74.88658090739622
Neutral,70.40596565632774,56.302753041036986,50.0,70.34912934784623,114.86513831445988
Neutral,66.91038783328041,43.86342439892262,42.5205832509386,66.61080993352356,121.60592090848209
Neutral,60.00833275470999,43.01162633521314,46.61544808322666,67.36467917239716,105.55093557141026
Neutral,68.41052550594829,45.65084884205331,44.41846462902562,70.60453243241541,141.76741515595182
Neutral,74.00675644831355,46.61544808322666,58.59180830116101,65.76473218982953,73.78346698278686
Neutral,56.43580423808985,71.19691004531025,61.032778078668514,72.06247289678588,104.29285689825551
Neutral,63.60031446463138,59.033888572581766,56.43580423808985,60.63827174318213,87.78382538941898
Neutral,64.77653896280658,66.24198064671678,62.76941930590086,72.69112738154499,100.80178569846865
Neutral,59.53990258641679,96.60227740586657,79.37883848986453,72.27724399837061,117.61377470347595
Neutral,53.46026561849464,47.38143096192854,39.35733730830886,69.58448102845921,120.7393887677091
Neutral,48.662100242385755,31.144823004794873,31.827660925679098,46.52956049652737,96.04165762834376
Neutral,77.10382610480494,46.04345773288535,32.526911934581186,79.02531240052139,125.89678312014172
Neutral,41.048751503547585,50.11985634456667,41.7612260356422,53.03772242470448,89.9388681271896
Neutral,56.142675390472796,57.38466694161429,47.53945729601885,76.16429609731846,115.36463929644994
Neutral,43.93176527297759,43.41658669218482,36.6742416417845,54.589376255824725,90.0
Neutral,74.46475676452586,60.14149981501958,59.54829972383762,76.69419795525604,95.44108130150245
Neutral,51.73973328110612,49.39635614091387,38.58756276314948,62.369864518050704,92.9623579735368
Neutral,71.5122367151245,48.08326112068523,50.60632371551998,64.8459713474939,111.01801655587259
Neutral,96.51942809610924,33.97057550292606,32.57299494980466,90.0499861188218,122.67436570041843
Neutral,68.8839603971781,59.09314681077663,54.56189146281496,68.26419266350405,103.24727599312246
Neutral,61.40032573203501,33.94112549695428,36.235341863986875,68.00735254367721,98.00510190801293
Neutral,70.3420215802759,80.06247560499239,82.0792300158816,77.4919350642375,98.22932352408826
Neutral,63.953107821277925,47.41307836451879,38.01315561749642,74.81310045707235,126.81088281373961
Neutral,74.72616676907762,43.41658669218482,51.62363799656123,60.08327554319921,102.88342918079665
Neutral,65.52098900352466,59.90826320300064,56.302753041036986,66.70832032063167,112.89818421923357
Neutral,65.73431371817918,58.137767414994535,51.97114584074513,64.4980619863884,123.84667940643382
Neutral,71.02816342831905,34.92849839314596,36.87817782917155,61.29437168288782,126.11502686040232
Neutral,51.78802950489621,21.93171219946131,29.068883707497267,47.095647357266465,82.21921916437786
Neutral,46.32493928760188,40.496913462633174,31.304951684997057,45.01110973970759,109.12378292562992
Neutral,66.61080993352356,61.032778078668514,48.46648326421054,50.48762224545735,99.04039579888602
Neutral,66.75327707311455,53.53503525729669,55.226805085936306,67.08203932499369,94.76286192385707
Neutral,59.135437767890075,39.05124837953327,44.77722635447622,63.34824385884742,90.9065454189081
Neutral,77.00649323271382,49.92995093127971,56.79788728465171,79.63039620647382,88.52683209061533
Neutral,43.04648650006177,41.48493702538308,39.81205847478876,46.09772228646444,66.88796603276258
Neutral,62.51399843235114,51.62363799656123,49.73932046178355,64.38167441127949,108.89444430272832
Neutral,61.1310068623117,56.32051136131489,55.44366510251645,70.06425622241343,118.84864324004712
Neutral,75.32595834106593,59.90826320300064,66.91038783328041,79.00632886041473,76.55063683601855
Neutral,66.48308055437865,52.32590180780452,44.94441010848846,79.51100552753688,112.0446339634344
Neutral,60.67124524847005,50.80354318352215,50.11985634456667,67.08203932499369,117.29023829799307
Neutral,67.26812023536856,43.174066289845804,60.728905802755904,59.841457201508724,75.15317691222374
Neutral,59.53990258641679,54.120236510939236,46.2709412050371,70.40596565632774,104.70912090166739
Neutral,70.57619995437555,57.42821606144492,58.180752831155424,53.23532661682466,86.83317338436964
Neutral,74.24284477308234,41.86884283091664,38.2099463490856,78.16009211867653,139.0323703315167
Neutral,37.48332962798263,24.020824298928627,28.635642126552707,27.202941017470888,39.45883931389772
Neutral,80.00624975587844,44.82186966202994,54.20332093147061,82.03657720797473,109.62207806824317
Neutral,72.3394774656273,63.52952069707436,71.69379331573968,75.92759709091287,101.67103815738285
Neutral,61.66036003787198,50.32891812864648,50.47771785649585,51.15662224971465,102.7277956543408
Neutral,40.19950248448356,59.54829972383762,41.23105625617661,69.18092222571191,121.82364302548172
Neutral,72.00694410957877,64.07807737440318,64.03124237432849,81.02468759581859,103.40696301506973
Neutral,67.26812023536856,52.478567053607705,46.52956049652737,72.02777242147643,94.11163583744573
Neutral,68.59300255857006,54.91812087098393,57.245087125446844,73.348483283569,102.55242561733974
Neutral,92.77930803794561,64.35060217278468,66.85057965343307,89.94442728707543,109.41663493271945
Neutral,47.853944456021594,34.17601498127012,35.22782990761707,39.45883931389772,86.16263691415206
Neutral,71.7007670809734,45.17742799230607,50.80354318352215,62.96824596572466,90.44335243676011
Neutral,53.009433122794285,55.326304774492215,50.48762224545735,52.3450093132096,78.18567643756751
Neutral,57.0350769263968,47.4236228055175,39.35733730830886,71.02816342831905,133.60014970051492
Neutral,70.45565981523414,35.17101079013795,50.47771785649585,53.45091205957107,84.59905436823747
Neutral,65.76473218982953,50.15974481593781,51.884487084291386,61.814237842102365,106.21205204683694
Neutral,65.43699259593154,77.15568676384133,70.76722405181653,72.67048919609665,123.13001258832064
Sad,43.829214001622255,91.40021881811882,79.20227269466452,62.76941930590086,97.24710792614863
Sad,63.28506932918696,60.207972893961475,66.48308055437865,73.00684899377592,111.28791488746656
Sad,73.24616030891995,72.09022125087424,64.00781202322104,69.46221994724903,111.28791488746656
Sad,50.00999900019995,33.37663853655727,39.293765408777,35.22782990761707,58.215118311311535
Sad,56.43580423808985,58.69412236331676,40.718546143004666,62.80127387243033,125.7179382586272
Sad,82.37718130647589,34.48187929913333,45.31004303683677,74.24284477308234,93.91485505499116
Sad,68.81860213634101,68.06614430096654,59.682493245507096,93.08598175880189,137.92751719653333
Sad,49.47726750741192,37.69615364994153,44.10215414239989,40.496913462633174,61.05735008989499
Sad,117.00427342623003,65.80273550544841,67.67569726275453,118.06777714516353,155.58920271021378
Sad,95.13148795220224,58.25804665451803,80.95677859203639,99.68951800465283,94.81033698917012
Sad,68.00735254367721,41.23105625617661,45.221676218380054,69.6419413859206,112.0044641967453
Sad,89.73850901368932,44.40720662234904,30.805843601498726,93.23089616645332,136.6821129482567
Sad,84.29116205154607,51.22499389946279,53.41348144429457,83.48652585896721,99.6393496566492
Sad,68.18357573492314,42.80186911806539,49.24428900898052,71.386273190299,83.09632964216891
Sad,71.84010022264724,109.07795377618706,106.25441167311595,97.12363255150623,134.03357788255897
Sad,59.135437767890075,46.32493928760188,47.01063709417264,65.49045732013177,92.19544457292888
Sad,93.08598175880189,39.96248240537617,19.209372712298546,102.35721762533407,140.06427096158393
Sad,75.13321502504735,45.27692569068709,31.76476034853718,79.05694150420949,132.90974381135493
Sad,49.72926703662542,34.785054261852174,40.0,37.0,57.42821606144492
Sad,49.39635614091387,47.92702786528704,46.010868281309364,65.96969000988257,101.51354589413178
Sad,73.17103251970687,31.016124838541646,29.068883707497267,73.43704787094863,120.28299963003916
Sad,60.166435825965294,56.639209034025185,51.31276644267,69.8927750200262,112.0044641967453
Sad,53.600373133029585,50.20956084253277,42.20189569201838,62.96824596572466,125.39936203984452
Sad,63.953107821277925,55.97320787662612,46.647615158762406,76.53103945458993,129.72663566130126
Sad,70.02856560004639,36.71511950137164,43.266615305567875,64.28063471995279,96.04165762834376
Sad,95.04735661763561,40.607881008493905,64.63745044476924,86.40023148117139,104.0096149401583
Sad,68.4470598345904,33.421549934136806,47.20169488482379,65.39113089708727,76.83749084919418
Sad,57.56735185849702,39.698866482558415,36.61966684720111,56.293871780150276,109.71326264403953
Sad,60.74537019394976,33.61547262794322,43.139309220245984,45.17742799230607,66.18912297349165
Sad,75.05997601918082,49.4064773081425,49.73932046178355,79.0,99.02019995940222
Sad,73.00684899377592,38.01315561749642,35.510561809129406,76.02631123499285,79.64923100695951
Sad,41.23105625617661,41.400483088968905,34.655446902326915,49.64876634922564,104.95713410721541
Sad,32.984845004941285,49.24428900898052,36.87817782917155,52.392747589718944,109.34349546269316
Sad,57.14017850864661,51.31276644267,44.27188724235731,71.06335201775948,113.45483682946268
Sad,90.47098982546837,64.8459713474939,64.62197768561404,86.7294644281861,130.64838307457157
Sad,46.04345773288535,22.67156809750927,27.65863337187866,43.41658669218482,82.92767933567175
Sad,65.06919393998976,34.0147027033899,37.21558813185679,60.03332407921454,118.59595271340417
Sad,33.28663395418648,55.80322571321482,34.48187929913333,57.97413216254298,133.79461872586654
Sad,62.625873247404705,75.8946638440411,71.69379331573968,57.0087712549569,75.66372975210778
Sad,54.037024344425184,35.608987629529715,33.60059523282288,62.39390995922599,91.40021881811882
Sad,72.03471385380801,64.1404708432983,67.08203932499369,76.24303246854758,101.04454463255303
Sad,59.464274989274024,43.278170016764804,39.698866482558415,61.68468205316454,100.60318086422517
Sad,46.57252408878007,63.812224534175265,49.64876634922564,73.49829930005184,134.48048185517482
Sad,86.34813257969161,67.00746227100382,63.0317380372777,98.49365461794989,145.4269576110289
Sad,91.13725912051558,64.40496875241847,56.43580423808985,91.08786966440702,106.96261028976434
Sad,40.607881008493905,15.033296378372908,18.027756377319946,29.832867780352597,73.7563556583431
Sad,55.326304774492215,27.313000567495326,29.154759474226502,51.35172830587107,71.61005515987263
Sad,59.481089431852205,56.08029957123981,53.23532661682466,63.06346010171025,101.31633629380802
Sad,59.682493245507096,59.81638571495272,54.12947441089743,73.824115301167,116.81181447096864
Sad,55.036351623268054,57.48912940721924,47.53945729601885,74.02702209328699,124.45882853377658
Sad,70.57619995437555,40.24922359499622,35.22782990761707,67.06713054842886,157.1146078504478
Sad,56.43580423808985,21.93171219946131,29.832867780352597,26.076809620810597,42.95346318982906
Sad,72.83543093852057,46.52956049652737,45.60701700396552,66.27216610312357,98.71676655968832
Sad,63.788713735268246,60.37383539249432,59.033888572581766,64.53681120105021,92.45539465060976
Sad,56.43580423808985,21.93171219946131,29.832867780352597,26.076809620810597,42.95346318982906
Sad,65.7875368135941,55.072679252057455,38.07886552931954,75.66372975210778,154.14927829866735
Sad,46.389654018972806,36.40054944640259,41.340053217188775,34.52535300326414,51.24451190127583
Sad,70.71067811865476,31.144823004794873,53.75872022286245,50.99019513592785,59.033888572581766
Sad,68.59300255857006,61.68468205316454,55.154328932550705,68.0294054067798,96.21330469326995
Sad,61.0,63.324560795950255,54.12947441089743,73.24616030891995,129.0348790056394
Sad,50.039984012787215,28.792360097775937,22.135943621178654,53.600373133029585,93.94147114027967
Sad,64.53681120105021,44.68780594300866,48.010415536631214,66.76076692189807,97.65244492586962
Sad,89.26925562588724,111.66467659918243,91.76055797563569,94.08506789071261,152.3975065412817
Sad,85.0235261559999,90.60905032059435,95.70788891204319,113.26517558367179,129.6919426949878
Sad,36.05551275463989,34.48187929913333,37.73592452822641,49.040799340956916,79.30952023559341
Sad,44.0,38.07886552931954,32.57299494980466,49.16299421312742,86.83893136145792
Sad,56.568542494923804,31.76476034853718,36.235341863986875,54.147945482723536,154.30489298787643
Sad,50.039984012787215,28.792360097775937,22.135943621178654,53.600373133029585,93.94147114027967
Sad,81.39410298049853,72.03471385380801,80.52949770115296,65.52098900352466,69.42621983083913
Sad,83.54639429682169,63.90618123468183,73.92563831310488,69.92138442565336,75.8023746329889
Sad,71.0,39.293765408777,45.617978911828175,41.10960958218893,77.10382610480494
Sad,69.12307863514182,49.39635614091387,56.88585061331157,75.32595834106593,124.02015965156633
Sad,65.03076195155643,32.55764119219941,42.5440947723653,70.09279563550022,59.07622195096772
Sad,86.34813257969161,67.00746227100382,63.0317380372777,98.49365461794989,145.4269576110289
Sad,49.39635614091387,47.92702786528704,46.010868281309364,65.96969000988257,101.51354589413178
Sad,73.17103251970687,31.016124838541646,29.068883707497267,73.43704787094863,120.28299963003916
Sad,66.70832032063167,44.68780594300866,42.44997055358225,72.03471385380801,113.84638773364749
Sad,64.03124237432849,50.44799302251776,51.42956348249516,73.55270219373317,103.23274674249446
Sad,62.80127387243033,48.08326112068523,50.99019513592785,66.27216610312357,98.6154146165801
Sad,77.4919350642375,71.56116265125938,65.5133574166368,81.04319835741924,119.81652640600127
Sad,47.80167361086848,42.941821107167776,38.27531841800928,45.5411901469428,73.0
Sad,71.06335201775948,51.62363799656123,37.53664875824692,77.1621668954417,124.45882853377658
Sad,55.036351623268054,57.48912940721924,47.53945729601885,74.02702209328699,124.45882853377658
Sad,69.02897942168927,43.278170016764804,47.16990566028302,72.56031973468694,113.6001760562016
Sad,66.18912297349165,37.656340767525464,47.885279575251516,50.99019513592785,79.12016177940993
Sad,68.65857557508748,90.82400563727631,82.96987405076617,77.64663547121665,97.0
Sad,75.1065909225016,38.2099463490856,41.88078318274385,78.77182237323191,118.06777714516353
Sad,98.00510190801293,50.32891812864648,68.41052550594829,75.96051605933177,42.720018726587654
Sad,67.72001181334805,42.80186911806539,43.278170016764804,59.43904440685432,88.3911760301898
Sad,61.00819617067857,36.235341863986875,42.05948168962618,58.137767414994535,86.82165628459296
Sad,32.55764119219941,62.64982043070834,58.42088667591412,55.08175741568164,86.82165628459296
Sad,58.463663928973865,26.076809620810597,38.07886552931954,46.04345773288535,72.83543093852057
Sad,54.00925846556311,39.56008088970496,45.18849411078001,49.25444142409901,88.40814442120137
Sad,39.6232255123179,43.86342439892262,35.84689665786984,55.57877292636101,117.61377470347595
Sad,87.82368700982668,57.14017850864661,58.82176467941097,84.8528137423857,106.07544484940895
Sad,73.97972695272672,60.440052945046304,54.589376255824725,85.98837130682264,111.8257573191436
Sad,71.56814934033156,37.013511046643494,44.04543109109048,74.72616676907762,94.2019108086455
Sad,67.446274915669,55.47071299343465,58.728187440104094,77.07788269017254,139.61733416735902
Sad,64.77653896280658,52.49761899362675,54.20332093147061,53.46026561849464,121.19818480488888
Sad,56.142675390472796,40.024992192379,50.15974481593781,46.32493928760188,81.60882305241266
Sad,43.266615305567875,39.05124837953327,34.058772731852805,45.17742799230607,71.8679344353238
Sad,51.66236541235796,75.0,63.28506932918696,80.0812087820857,137.80058055030102
Sad,75.1065909225016,61.773780845922005,64.62197768561404,81.61494961096282,105.11898020814318
Sad,37.12142238654117,32.202484376209235,23.853720883753127,50.15974481593781,105.80170130957252
Sad,76.92203845452875,33.24154027718932,53.41348144429457,54.08326913195984,54.56189146281496
Sad,49.39635614091387,47.92702786528704,46.010868281309364,65.96969000988257,101.51354589413178
Sad,74.96665925596525,40.0,45.254833995939045,67.08203932499369,83.45058418010026
Sad,59.09314681077663,25.317977802344327,35.014282800023196,58.69412236331676,76.15773105863909
Sad,71.11258679024411,40.22437072223753,36.71511950137164,76.16429609731846,129.84991336154215
Sad,75.16648189186454,31.89043743820395,38.18376618407357,69.46221994724903,77.89736837660179
Sad,51.24451190127583,63.0317380372777,66.2872536767062,36.6742416417845,52.81098370604357
Sad,71.0,30.805843601498726,35.22782990761707,69.1158447825099,116.72617529928752
Sad,32.14031735997639,66.48308055437865,52.392747589718944,59.21148537234985,104.9952379872535
Sad,58.42088667591412,49.24428900898052,47.41307836451879,56.142675390472796,81.34494452638098
Sad,69.83552104767315,51.478150704935004,52.49761899362675,51.42956348249516,93.29523031752481
Sad,47.01063709417264,31.0,35.34119409414458,32.0624390837628,57.42821606144492
Sad,46.2709412050371,29.154759474226502,31.78049716414141,48.010415536631214,85.0
Sad,77.02596964660685,27.586228448267445,31.89043743820395,76.05918747922567,129.52991932368366
Sad,64.19501538281614,49.39635614091387,56.61271941887264,50.15974481593781,72.40165743959182
Sad,68.4470598345904,58.25804665451803,51.61395160225576,74.81310045707235,114.58621208504974
Sad,58.52349955359813,77.46612162745726,62.177166226839255,76.48529270389177,125.29964086141668
Sad,43.18564576337837,56.586217403180434,49.64876634922564,66.03029607687671,102.6498904042279
Sad,96.18731725128839,68.0294054067798,72.53275122315436,105.01904589168576,114.10959644131601
Sad,54.56189146281496,33.015148038438355,40.80441152620633,41.012193308819754,92.76313923105448
Sad,74.95331880577403,65.86349520030045,64.41273166075166,77.87810988975015,106.21205204683694
Sad,73.06161783043132,63.071388124885914,62.81719509815764,61.204574992397426,88.56635930193812
Sad,65.19202405202648,57.8013840664737,51.894122981316485,78.23042886243178,120.44085685513866
Sad,77.4919350642375,71.56116265125938,65.5133574166368,81.04319835741924,119.81652640600127
Sad,80.30566605165541,43.9089968002003,51.86520991955976,73.97972695272672,99.24716620639605
Sad,52.392747589718944,41.400483088968905,36.40054944640259,54.589376255824725,86.97700845625813
Sad,80.00624975587844,28.160255680657446,39.01281840626232,68.30812543175226,121.59358535712317
Sad,34.20526275297414,35.608987629529715,27.586228448267445,40.70626487409524,79.90619500389191
Sad,24.73863375370596,47.01063709417264,34.20526275297414,38.05259518088089,82.3286098510111
Sad,64.32728814430156,85.0,85.38149682454625,73.97972695272672,98.4733466477097
Sad,86.28441342444185,58.69412236331676,63.071388124885914,73.33484846919642,110.9414259868693
Sad,45.0,38.48376280978771,32.31098884280702,49.25444142409901,81.27115109311545
Sad,27.073972741361768,38.948684188300895,27.018512172212592,44.181444068749045,98.2344135219425
Sad,65.06919393998976,45.967379738244816,42.720018726587654,83.15046602394962,112.8716084761797
Sad,56.43580423808985,21.93171219946131,29.832867780352597,26.076809620810597,42.95346318982906
Sad,46.51881339845203,48.91829923454004,39.824615503479755,50.96076922496363,103.07764064044152
Sad,63.06346010171025,43.60045871318328,53.41348144429457,58.69412236331676,83.48652585896721
Sad,44.01136216933077,26.832815729997478,25.553864678361276,43.01162633521314,59.682493245507096
Sad,53.823786563191554,29.206163733020468,25.059928172283335,49.678969393496885,71.84705978674423
Sad,48.83646178829912,51.478150704935004,46.09772228646444,50.15974481593781,84.29116205154607
Sad,55.57877292636101,41.400483088968905,37.20215047547655,67.26812023536856,116.72617529928752
Sad,57.201398584300364,55.154328932550705,46.75467891024384,76.02631123499285,139.94641831786907
Sad,78.31347265956222,67.54257916307313,59.61543424315552,84.00595217006948,96.40020746865642
Sad,76.96752561957543,45.60701700396552,55.94640292279746,64.88451279003334,113.95174417269794
Sad,68.26419266350405,54.70831746635972,54.42425929675111,77.64663547121665,104.1393297462587
Sad,68.62215385719105,47.16990566028302,47.042533945356304,40.85339643163099,70.34912934784623
Sad,77.41446893184762,41.036569057366385,47.92702786528704,86.20904824900923,104.6900186264192
Sad,87.32124598286491,110.43550153822818,107.54068997360952,97.52948272189288,126.08727136392476
Sad,63.788713735268246,45.221676218380054,39.408120990476064,68.06614430096654,119.75391434103521
Sad,71.02112361825881,56.859475903318,56.43580423808985,75.31268153505093,109.20164833920778
Sad,57.0087712549569,50.48762224545735,54.817880294662984,50.15974481593781,78.40918313565064
Sad,44.181444068749045,34.132096331752024,45.880278987817846,47.07440918375928,62.00806399170998
Sad,51.419840528729765,61.91122676865643,62.64982043070834,58.240879114244144,88.41379982785493
Sad,33.54101966249684,32.802438933713454,29.698484809834994,38.48376280978771,66.37017402418047
Sad,77.6659513557904,68.8839603971781,71.34423592694787,86.40023148117139,112.8716084761797
Sad,68.24954212300622,47.50789408087881,47.853944456021594,82.29823813423954,113.27841806805037
Sad,69.42621983083913,44.9221548904324,49.49747468305833,74.43117626371358,89.62700485902673
Sad,84.0535543567314,37.57658845611187,34.655446902326915,75.32595834106593,124.53513560437472
Sad,53.08483775994799,30.4138126514911,39.56008088970496,34.23448553724738,42.01190307520001
Sad,44.0,28.160255680657446,36.40054944640259,34.52535300326414,33.24154027718932
Sad,62.0,42.95346318982906,38.01315561749642,63.198101237299845,89.40357934669059
Sad,36.49657518178932,66.06814663663572,61.26989472816156,62.93647591023825,129.28263611173776
Sad,94.37160589923221,83.43860018001261,87.69264507357501,94.41398201537736,103.4456378974
